area_sqft,bedrooms,bathrooms,floors,house_age,city_distance_km,location_type,parking,price
857,2,1.4,1,10,1.7,Urban,Yes,15926948.0
3595,5,2.7,2,17,7.7,Suburban,No,54910976.0
3118,5,4.0,3,12,28.2,Urban,Yes,49740251.0
2255,2,1.7,3,11,12.6,Urban,Yes,35756671.0
2232,3,2.0,3,19,6.1,Suburban,No,34512427.0
3934,6,2.7,1,38,7.3,Suburban,Yes,59898324.0
843,1,1.0,1,34,19.0,Urban,Yes,14345178.0
3289,6,4.2,3,13,29.8,Rural,Yes,50225142.0
1305,4,3.2,2,42,3.4,Suburban,Yes,21419169.0
876,1,1.2,1,9,2.0,Urban,Yes,16164748.0
2605,3,1.2,3,40,16.8,Suburban,No,40105137.0
4402,7,4.7,2,13,33.5,Urban,No,68062357.0
3443,7,5.0,1,24,10.5,Urban,Yes,55533729.0
3544,4,1.8,3,9,33.6,Suburban,Yes,54125035.0
3369,5,3.2,2,34,31.2,Urban,No,51297562.0
3644,7,4.7,2,14,10.6,Urban,Yes,58274785.0
2552,3,1.8,3,39,28.8,Suburban,No,37449255.0
1012,1,1.0,2,3,24.3,Urban,Yes,16983176.0
3858,6,3.7,2,22,18.4,Suburban,No,58758414.0
2301,3,1.8,2,7,15.4,Suburban,No,35420401.0
2501,4,2.5,1,40,28.7,Urban,Yes,38291647.0
1983,3,1.7,1,18,28.0,Suburban,Yes,30194306.0
1230,1,1.0,3,30,26.7,Urban,No,19503105.0
4207,7,4.5,1,39,34.9,Suburban,Yes,63577929.0
3626,5,3.5,2,24,17.3,Urban,Yes,55717432.0
3075,6,3.7,1,2,28.4,Rural,Yes,46720946.0
2109,3,1.7,1,9,30.3,Urban,Yes,32504170.0
3791,5,3.3,2,9,8.2,Suburban,Yes,58886927.0
2681,5,2.3,3,41,2.4,Urban,Yes,43180193.0
2273,4,2.8,2,40,14.8,Urban,Yes,36268347.0
2301,4,2.6,1,21,30.1,Suburban,No,34581968.0
1408,1,1.0,1,40,10.8,Suburban,Yes,21453484.0
868,2,1.8,1,11,24.8,Rural,Yes,13062849.0
2718,3,1.0,3,30,1.2,Urban,Yes,42388399.0
4051,6,2.9,1,17,13.1,Urban,No,63069168.0
755,1,1.0,2,10,21.9,Urban,Yes,13635812.0
3933,6,3.9,1,11,5.4,Urban,No,62150703.0
3810,5,3.3,2,18,31.5,Rural,Yes,56666243.0
1607,1,1.0,3,15,6.3,Rural,Yes,25057613.0
3026,5,3.6,2,9,31.9,Rural,No,45283088.0
1160,2,1.8,2,15,8.4,Urban,No,20017276.0
3532,5,3.5,1,5,34.8,Urban,Yes,54542489.0
3302,6,3.8,1,43,21.6,Suburban,Yes,50389008.0
1918,3,1.0,3,17,3.9,Urban,Yes,30435670.0
771,1,1.0,1,4,3.2,Suburban,Yes,13225239.0
4382,7,5.0,2,25,3.5,Urban,No,68732990.0
2282,3,2.3,1,39,21.1,Urban,No,34900278.0
4072,7,4.1,1,16,28.5,Rural,Yes,62343285.0
3211,5,3.6,2,38,14.7,Urban,Yes,49782990.0
3613,5,3.7,3,27,16.1,Rural,Yes,54510688.0
3539,7,5.0,1,33,21.0,Urban,Yes,55288307.0
1278,1,1.0,3,13,19.1,Urban,No,20467100.0
1955,1,1.0,2,1,24.4,Urban,Yes,31260836.0
2366,5,3.6,3,15,17.0,Urban,Yes,39400114.0
2491,6,3.9,1,41,25.3,Suburban,Yes,38333543.0
675,1,1.0,3,35,34.9,Urban,No,10416347.0
2686,3,2.2,1,35,12.9,Suburban,Yes,40298492.0
1117,1,1.0,3,39,1.4,Rural,Yes,17591528.0
3473,5,3.3,2,16,5.3,Urban,Yes,55510352.0
3232,5,3.4,2,14,19.8,Urban,Yes,50928708.0
4190,6,3.8,1,41,12.7,Urban,Yes,64063355.0
3479,6,4.6,2,25,33.0,Suburban,Yes,52813502.0
1966,3,1.5,1,13,22.3,Suburban,Yes,30479183.0
4370,6,3.6,2,12,18.7,Urban,Yes,68186802.0
2143,4,2.6,3,39,28.1,Suburban,No,31691535.0
1803,4,3.0,1,2,9.8,Suburban,Yes,29355311.0
4122,6,3.2,1,2,28.9,Urban,Yes,64635433.0
1981,3,1.3,1,33,1.1,Urban,Yes,31748421.0
805,1,1.0,1,0,22.1,Rural,No,12584637.0
2378,4,2.6,1,7,32.8,Urban,No,37495471.0
3682,4,2.0,1,44,27.8,Urban,No,54739474.0
1257,2,1.1,2,19,30.0,Urban,Yes,20182798.0
2351,3,2.3,1,32,14.5,Suburban,Yes,35936588.0
1019,3,1.6,3,21,29.0,Urban,Yes,17034870.0
3245,5,3.4,3,4,19.7,Urban,Yes,51172659.0
2402,5,3.1,3,8,22.0,Urban,Yes,39797046.0
1820,2,1.6,2,34,3.0,Suburban,Yes,27992188.0
1407,3,2.2,1,4,7.9,Urban,Yes,24674996.0
2757,4,2.3,3,26,19.7,Rural,Yes,41402682.0
3179,4,2.5,1,15,3.0,Urban,Yes,50177962.0
4261,7,5.0,2,16,26.2,Urban,Yes,66820930.0
2248,4,2.8,2,42,29.6,Rural,No,32697449.0
1142,1,1.0,3,27,32.3,Suburban,Yes,17535957.0
3830,5,3.6,2,27,4.5,Urban,No,58725107.0
3019,5,2.7,3,15,33.0,Suburban,Yes,46631368.0
3301,4,3.3,3,17,3.3,Suburban,No,50069061.0
888,1,1.2,2,30,17.1,Urban,No,14469719.0
1749,3,2.1,3,1,29.6,Suburban,Yes,28137709.0
3571,4,2.7,1,10,3.4,Suburban,No,55060733.0
3829,5,3.1,3,27,1.6,Urban,Yes,59589015.0
2240,4,2.9,1,28,1.8,Suburban,Yes,34948051.0
3719,5,3.1,3,4,18.4,Urban,No,57810798.0
3866,4,2.7,2,35,28.6,Urban,Yes,58863597.0
2049,4,3.0,3,24,5.3,Rural,Yes,31229530.0
4092,7,4.3,1,10,5.2,Suburban,Yes,63915649.0
1653,2,1.0,2,33,20.3,Suburban,Yes,25318043.0
1458,1,1.0,3,44,9.0,Suburban,Yes,22271633.0
3229,6,3.4,1,19,25.8,Suburban,Yes,50027294.0
3047,5,2.3,1,12,33.3,Urban,Yes,47457576.0
1059,4,3.0,1,13,27.0,Rural,Yes,16559756.0
3830,6,4.8,1,26,30.8,Suburban,Yes,57550115.0
1299,2,2.0,2,2,18.7,Suburban,Yes,21198136.0
3719,6,3.1,2,21,29.3,Suburban,Yes,56382016.0
529,1,1.0,1,1,7.2,Urban,Yes,10401846.0
3687,6,4.6,1,1,3.3,Urban,Yes,59224506.0
3647,7,4.3,1,19,23.3,Urban,No,57662700.0
3621,5,3.3,3,33,2.8,Urban,No,56627773.0
3159,5,2.2,3,39,31.3,Suburban,Yes,48050229.0
2386,3,2.1,1,3,24.5,Rural,Yes,35241984.0
3320,6,3.4,1,10,33.4,Urban,No,51685686.0
1608,4,2.7,1,18,11.7,Urban,No,26633642.0
3622,5,2.5,3,25,17.5,Suburban,Yes,56077152.0
2722,4,2.9,3,44,26.2,Urban,Yes,42039394.0
2335,4,3.1,3,30,9.3,Rural,Yes,35880163.0
2522,4,2.2,1,24,19.4,Urban,Yes,40150667.0
2774,5,2.7,2,2,23.4,Urban,No,43950785.0
649,1,1.0,1,3,34.3,Urban,Yes,10712921.0
1059,1,1.0,3,6,26.3,Rural,Yes,17123135.0
1481,2,1.0,2,29,5.0,Urban,Yes,23845133.0
958,1,1.0,1,14,17.2,Suburban,No,14845485.0
2258,3,2.2,3,10,21.0,Urban,Yes,36339010.0
3173,4,2.4,2,30,6.0,Urban,No,49514928.0
3117,5,2.7,2,36,15.7,Rural,Yes,46869715.0
2384,5,3.0,1,19,10.7,Urban,Yes,38581458.0
3920,6,4.4,1,39,5.0,Urban,Yes,61178281.0
2760,3,2.3,3,33,18.4,Suburban,Yes,41593030.0
816,1,1.0,1,32,6.6,Rural,No,12860399.0
3559,6,4.2,1,39,21.1,Urban,Yes,55230304.0
2798,4,2.0,3,8,6.8,Urban,Yes,45206019.0
3038,4,2.6,1,34,25.6,Rural,Yes,44773206.0
2761,5,3.3,2,43,7.6,Suburban,Yes,42823656.0
2714,4,2.4,3,44,31.5,Rural,Yes,39829050.0
862,2,1.5,2,26,1.9,Suburban,No,13725769.0
2736,4,2.2,2,33,18.7,Suburban,Yes,41780320.0
3679,6,4.2,1,39,11.9,Urban,Yes,57272547.0
1715,2,1.6,2,38,8.7,Urban,Yes,27993286.0
2911,4,1.1,2,40,17.0,Suburban,Yes,43498985.0
623,1,1.2,2,37,29.6,Suburban,Yes,9212584.0
1889,2,1.0,1,17,32.1,Rural,Yes,27036002.0
2246,2,1.0,1,32,11.3,Suburban,Yes,34649539.0
4430,7,5.0,3,18,6.2,Urban,No,69245366.0
1358,2,1.1,3,36,25.5,Suburban,No,20709035.0
1606,2,1.0,3,36,20.8,Suburban,No,24663973.0
2134,3,1.4,1,42,7.8,Urban,Yes,33505645.0
4470,7,5.0,3,26,26.9,Suburban,Yes,67969635.0
3913,4,1.6,1,21,18.6,Suburban,No,57959431.0
638,1,1.2,2,7,23.2,Urban,Yes,12025494.0
1435,1,1.0,1,28,13.2,Suburban,Yes,21377833.0
3786,7,4.0,3,25,15.9,Suburban,Yes,59115612.0
733,1,1.0,1,23,7.1,Rural,No,10953757.0
3922,7,4.0,3,30,26.7,Urban,Yes,61397310.0
1625,2,1.7,1,38,6.3,Suburban,Yes,25416113.0
4170,6,4.3,3,6,27.5,Suburban,Yes,63839848.0
1674,3,1.1,2,19,28.1,Suburban,Yes,25421812.0
2237,3,1.7,1,32,26.4,Urban,Yes,34931417.0
3147,5,2.8,1,36,1.7,Rural,Yes,47536895.0
1005,1,1.3,3,35,10.3,Rural,Yes,13938333.0
2728,4,1.9,1,35,16.9,Suburban,No,41456140.0
2520,4,3.4,1,38,21.2,Suburban,No,37753282.0
3635,6,3.9,2,43,32.3,Urban,Yes,56181111.0
4484,7,4.0,1,27,13.8,Suburban,No,69013170.0
3157,4,2.3,1,11,30.8,Urban,Yes,48770443.0
2136,1,1.0,2,25,6.6,Suburban,No,32742895.0
2125,4,2.0,3,31,13.6,Urban,Yes,34364509.0
2171,4,2.6,3,4,2.8,Suburban,Yes,36064243.0
3756,5,2.6,3,34,26.2,Urban,Yes,57311652.0
1784,1,1.0,1,24,6.1,Suburban,Yes,27404103.0
1167,2,1.1,2,42,9.7,Suburban,Yes,18667023.0
1837,4,1.7,1,9,27.4,Urban,Yes,29600015.0
590,2,1.0,3,40,19.2,Urban,Yes,11227099.0
924,2,1.0,2,20,1.5,Suburban,Yes,15540582.0
860,1,1.0,1,25,1.1,Suburban,Yes,15125017.0
3586,5,4.3,3,29,18.4,Urban,No,56761189.0
3389,5,3.3,1,26,11.4,Urban,Yes,53218632.0
3287,5,3.4,1,40,7.1,Urban,No,51349971.0
2347,3,1.1,3,7,21.9,Suburban,Yes,36907952.0
3368,7,4.2,2,32,8.8,Suburban,Yes,52324161.0
1145,3,2.1,3,43,21.1,Urban,Yes,18569900.0
4102,7,4.0,2,9,13.9,Suburban,Yes,64406589.0
2504,3,2.4,3,11,7.3,Suburban,Yes,39566695.0
4252,7,3.9,2,21,5.7,Suburban,No,65574673.0
1109,2,1.2,1,32,9.1,Urban,Yes,18555305.0
2489,4,2.3,1,43,2.0,Urban,No,38030781.0
3285,6,4.0,3,35,11.5,Urban,Yes,52093747.0
2482,4,2.3,1,35,31.7,Urban,Yes,37974729.0
2284,4,2.5,2,19,29.3,Urban,Yes,36596532.0
1164,2,1.2,1,29,13.6,Urban,No,19334564.0
2024,3,1.6,1,9,20.6,Urban,Yes,32600306.0
1455,1,1.0,2,20,20.3,Suburban,Yes,22502856.0
1706,3,2.1,1,8,29.2,Urban,Yes,26830794.0
3234,5,3.2,2,1,9.0,Suburban,Yes,51118789.0
3021,4,2.4,3,38,11.1,Urban,No,47231529.0
2928,6,4.3,1,36,11.3,Suburban,No,46001737.0
1947,4,2.5,1,22,2.4,Urban,No,32771894.0
4338,7,4.4,1,0,11.7,Suburban,No,66385948.0
850,2,1.4,3,4,30.8,Suburban,No,13590585.0
1870,4,3.4,2,5,32.0,Urban,Yes,30294980.0
972,2,1.0,2,32,4.7,Suburban,Yes,16062228.0
1855,3,2.3,1,9,16.6,Urban,Yes,30218331.0
4347,6,3.0,3,11,14.0,Suburban,Yes,66872163.0
1965,3,2.1,1,38,17.6,Urban,Yes,31429722.0
4134,6,4.7,3,39,19.9,Urban,Yes,63691564.0
2480,3,2.2,1,34,1.7,Urban,No,38410095.0
3298,5,3.3,3,13,29.6,Rural,No,49094899.0
2329,4,2.3,1,26,34.1,Urban,Yes,36066153.0
1563,4,2.6,1,9,23.2,Suburban,No,24284234.0
3556,6,3.8,2,38,23.5,Urban,Yes,55281143.0
4376,7,4.2,1,3,19.0,Urban,Yes,68445529.0
1554,3,1.8,1,33,12.4,Urban,Yes,24936268.0
3615,6,4.0,2,23,6.1,Rural,Yes,55916495.0
1544,2,1.0,1,34,20.9,Suburban,Yes,23339425.0
3367,4,2.2,2,20,2.5,Urban,Yes,53398691.0
3656,6,3.2,3,7,29.0,Suburban,Yes,56388228.0
2297,3,2.1,1,33,15.3,Urban,Yes,35997012.0
3447,4,2.9,2,28,15.1,Urban,No,52894048.0
1588,3,2.1,1,20,12.1,Suburban,Yes,25296629.0
817,2,1.8,2,16,34.0,Urban,Yes,14319004.0
885,1,1.0,1,15,6.9,Urban,Yes,15287600.0
2288,3,2.1,1,21,6.1,Suburban,Yes,35909085.0
4110,7,4.7,1,11,6.6,Urban,Yes,64720064.0
1010,2,1.3,3,12,23.4,Rural,Yes,15957773.0
2323,4,2.3,1,12,34.7,Suburban,Yes,35319142.0
3316,5,4.4,3,0,9.0,Suburban,Yes,52895256.0
1309,1,1.0,3,41,31.8,Suburban,Yes,19386339.0
3386,4,2.3,2,10,10.5,Rural,Yes,52026429.0
1723,3,2.2,1,7,23.0,Urban,Yes,27540170.0
3734,6,4.0,3,6,2.4,Suburban,Yes,58261920.0
2816,5,2.5,3,44,17.9,Suburban,Yes,43048902.0
2687,5,3.8,1,21,23.3,Rural,Yes,40229825.0
1207,2,1.3,3,14,19.2,Urban,Yes,19774869.0
2352,3,1.4,3,18,9.1,Suburban,Yes,37041498.0
3926,6,4.5,1,3,29.2,Suburban,Yes,60410720.0
578,1,1.0,1,14,34.0,Urban,Yes,9693144.0
3534,5,2.6,3,11,16.6,Rural,Yes,53597667.0
2471,3,2.8,1,36,22.6,Urban,Yes,38031543.0
3377,5,3.6,2,2,27.9,Urban,Yes,53837366.0
3153,4,2.6,1,19,9.2,Suburban,No,47889122.0
2228,3,2.7,3,35,30.4,Urban,No,33868240.0
1734,3,2.0,1,37,10.5,Urban,No,27928223.0
3009,4,2.6,1,23,27.4,Urban,Yes,46416610.0
1060,2,1.0,1,10,4.8,Urban,Yes,19465848.0
2836,5,3.5,1,15,10.8,Suburban,Yes,44291607.0
878,1,1.0,2,10,19.1,Rural,Yes,13749493.0
3099,4,2.6,1,29,18.8,Suburban,Yes,47610889.0
3014,6,3.5,3,13,29.9,Urban,Yes,47704599.0
837,1,1.0,2,28,34.9,Suburban,Yes,12208386.0
3529,4,2.6,1,29,4.6,Rural,Yes,53388915.0
2163,2,1.0,3,42,10.2,Suburban,Yes,33201801.0
3647,6,3.2,2,16,13.2,Urban,Yes,56860325.0
666,1,1.0,3,43,17.3,Urban,No,10634604.0
1217,2,1.0,1,18,17.8,Rural,Yes,17129506.0
2475,5,3.4,3,30,30.1,Rural,Yes,37799224.0
1252,1,1.0,2,29,27.2,Urban,No,19289778.0
1819,3,2.6,3,36,1.6,Suburban,Yes,29071332.0
3142,6,3.7,2,21,16.5,Urban,Yes,49252850.0
1078,1,1.0,3,35,22.0,Urban,Yes,16982854.0
3210,5,3.1,2,15,16.7,Suburban,Yes,49580518.0
913,1,1.0,1,22,5.4,Suburban,Yes,14557153.0
1200,1,1.0,1,22,14.5,Urban,No,19242026.0
2850,4,2.4,3,31,15.0,Rural,No,42949561.0
3673,7,5.0,3,27,7.4,Suburban,No,58497026.0
1182,3,1.5,2,3,26.7,Urban,No,19830592.0
1699,2,1.4,3,36,11.9,Suburban,Yes,26889631.0
4200,7,5.0,1,34,21.0,Suburban,No,63630512.0
4458,7,4.9,1,4,18.5,Suburban,Yes,68204274.0
2824,6,4.9,2,43,30.8,Rural,Yes,42535864.0
2288,3,1.6,2,29,5.1,Suburban,No,34510825.0
1887,3,1.3,3,3,4.9,Urban,No,31120303.0
2949,5,2.8,3,22,11.2,Urban,No,46372896.0
2863,7,4.9,1,37,15.7,Suburban,Yes,44210678.0
1679,3,2.2,3,12,11.2,Rural,Yes,27128311.0
591,1,1.0,2,41,26.9,Urban,Yes,9631797.0
1105,2,1.0,3,18,9.3,Urban,Yes,18426971.0
4334,6,4.3,1,10,3.9,Suburban,No,67219377.0
2172,3,1.3,1,16,15.1,Urban,No,33791924.0
2429,4,3.2,1,23,27.3,Urban,Yes,38730475.0
2368,4,4.0,3,30,29.9,Rural,Yes,35470173.0
3630,6,4.1,1,41,25.9,Suburban,Yes,54939796.0
759,1,1.0,3,8,20.0,Rural,Yes,11992674.0
830,2,1.1,3,43,25.6,Suburban,Yes,13230749.0
1603,3,1.0,1,23,24.2,Urban,No,25584918.0
2446,2,1.0,3,5,9.0,Rural,Yes,37118616.0
3184,5,2.7,1,41,19.7,Urban,No,49136478.0
2462,3,1.2,1,15,27.2,Urban,Yes,38506133.0
2264,2,2.2,2,27,11.8,Rural,No,33654656.0
4251,6,4.0,1,31,23.2,Suburban,Yes,64474904.0
1144,2,1.5,1,0,17.4,Rural,Yes,17156817.0
2786,4,2.4,1,9,18.1,Urban,Yes,44260428.0
2668,5,3.2,2,30,4.1,Rural,No,40866778.0
2393,3,2.4,1,14,23.7,Suburban,No,36170973.0
3730,5,3.2,1,0,30.4,Suburban,Yes,57567195.0
1567,2,1.6,2,1,5.8,Rural,Yes,23961375.0
4315,7,4.5,2,37,13.4,Urban,Yes,67972516.0
1826,3,1.8,3,6,2.7,Suburban,No,29443577.0
2680,3,1.2,1,4,2.0,Suburban,Yes,41918883.0
2582,5,2.3,2,25,34.6,Suburban,Yes,39324030.0
3899,6,3.8,3,5,17.8,Rural,Yes,59003717.0
2255,2,1.3,2,29,13.1,Suburban,Yes,34316476.0
1638,1,1.0,1,24,10.3,Urban,No,25815035.0
586,1,1.0,2,29,34.3,Urban,No,9756701.0
1954,3,2.0,2,22,9.6,Rural,No,29478685.0
3805,6,2.8,1,35,25.7,Rural,No,55362457.0
539,1,1.0,2,29,10.6,Rural,No,7272552.0
4084,6,4.1,1,18,3.4,Urban,Yes,65132609.0
2671,5,3.4,2,0,24.2,Urban,No,42179459.0
1060,1,1.0,3,12,1.1,Suburban,Yes,18433972.0
1708,2,1.4,2,5,24.0,Suburban,Yes,26215661.0
2716,3,2.5,3,0,9.5,Urban,No,43200895.0
1762,3,2.3,1,12,26.4,Suburban,Yes,27755544.0
934,2,1.3,3,9,27.2,Urban,Yes,15863512.0
3163,5,3.0,3,3,25.6,Suburban,Yes,49926797.0
3188,3,1.6,3,14,1.8,Urban,Yes,50272478.0
975,1,1.0,3,22,24.9,Urban,No,16057083.0
1624,2,1.4,2,8,34.7,Urban,Yes,25670177.0
1475,2,1.6,2,12,9.2,Rural,Yes,23137524.0
3137,4,2.7,3,0,10.3,Suburban,Yes,49878357.0
3421,5,3.7,3,2,28.7,Rural,Yes,52042021.0
3407,5,3.3,2,7,6.5,Suburban,Yes,54110871.0
4255,7,4.9,1,20,23.5,Urban,Yes,66013282.0
3574,5,3.7,1,29,26.7,Urban,Yes,55485443.0
1782,2,1.0,1,35,2.3,Suburban,Yes,27792501.0
930,2,1.0,1,28,19.8,Urban,Yes,15084538.0
2958,3,2.7,1,27,20.6,Suburban,Yes,44854014.0
4164,7,4.7,1,42,11.3,Suburban,No,63618715.0
4400,7,3.7,3,11,30.8,Rural,Yes,66230464.0
1420,2,1.0,1,35,6.5,Urban,Yes,23208101.0
1445,3,2.3,2,42,13.4,Suburban,No,22539530.0
649,1,1.0,2,25,29.9,Urban,Yes,10972036.0
1065,3,1.7,1,37,7.5,Urban,Yes,18248640.0
2719,4,3.3,3,6,28.9,Suburban,No,41911195.0
2687,3,1.4,3,39,3.7,Suburban,Yes,41134635.0
1983,3,1.6,3,25,17.6,Suburban,No,30629225.0
1739,2,1.4,3,9,3.6,Urban,No,28278539.0
3819,5,3.4,2,2,24.0,Rural,No,58669064.0
2340,4,2.8,3,32,27.9,Rural,No,34178000.0
3733,6,4.4,1,19,29.9,Suburban,Yes,56883569.0
4352,6,4.0,3,13,34.4,Rural,No,64883616.0
1768,4,2.8,3,17,23.8,Urban,Yes,30148622.0
1310,3,1.8,1,44,27.1,Suburban,Yes,19354739.0
4311,7,4.6,2,19,18.2,Rural,Yes,65854765.0
3039,5,3.3,2,3,32.0,Suburban,Yes,47141277.0
1663,4,2.7,1,12,22.9,Suburban,Yes,26743821.0
2987,3,2.3,3,6,31.0,Suburban,Yes,46115854.0
2560,4,2.9,1,30,9.0,Suburban,Yes,40307123.0
4122,6,3.9,1,36,17.9,Suburban,Yes,62536269.0
1523,2,1.0,1,37,25.8,Urban,No,23415208.0
4465,6,3.9,3,28,7.9,Urban,Yes,68761854.0
4244,6,3.9,1,34,8.2,Suburban,No,64662192.0
1222,3,2.0,2,18,34.3,Suburban,No,18563105.0
1158,2,2.4,3,28,15.8,Suburban,No,18373528.0
2632,4,2.3,1,4,7.2,Rural,Yes,39765183.0
679,1,1.0,3,24,12.3,Suburban,No,11317093.0
1695,3,2.5,1,25,14.5,Urban,No,26495044.0
2240,3,2.0,3,1,22.2,Urban,No,35778328.0
4377,7,5.0,1,24,32.4,Suburban,No,65799772.0
4469,7,4.4,1,32,34.5,Suburban,Yes,67225162.0
1106,3,2.1,3,16,23.2,Suburban,Yes,18828229.0
4066,7,4.2,3,24,24.8,Suburban,No,62609963.0
863,2,1.1,3,12,11.9,Suburban,Yes,15340841.0
3494,4,2.7,3,12,30.1,Suburban,No,53552677.0
3882,6,4.3,2,5,8.4,Suburban,Yes,60384423.0
4063,7,4.7,1,14,4.6,Urban,Yes,65084837.0
1393,3,2.6,1,36,34.1,Suburban,Yes,20582822.0
4073,6,3.9,2,42,30.4,Suburban,Yes,61863445.0
963,2,1.1,2,28,11.3,Urban,No,16030898.0
2575,4,4.0,2,28,24.0,Suburban,Yes,39402865.0
2378,5,3.4,1,27,16.9,Suburban,No,37223711.0
1763,3,1.6,2,21,12.0,Suburban,Yes,28310728.0
588,1,1.0,1,19,10.8,Suburban,No,10060271.0
3588,6,3.4,1,27,5.6,Urban,Yes,56633487.0
1842,1,1.1,1,35,19.7,Urban,Yes,28372981.0
3146,5,3.1,2,18,16.2,Urban,Yes,49947690.0
2140,1,1.0,2,25,18.4,Urban,Yes,33243894.0
1994,2,1.3,1,21,8.3,Suburban,No,30718010.0
4045,7,4.9,2,12,32.9,Suburban,No,62078500.0
877,2,1.0,1,13,22.7,Suburban,Yes,14544353.0
3446,4,2.1,1,3,31.6,Urban,Yes,52351556.0
3487,5,3.4,1,19,4.7,Urban,Yes,54939027.0
2019,4,2.9,2,32,22.2,Urban,Yes,31766369.0
1549,2,1.5,3,30,29.9,Suburban,Yes,23759216.0
521,3,1.5,1,44,12.3,Urban,Yes,10702769.0
4247,7,4.9,1,1,7.6,Suburban,Yes,66220962.0
4290,7,4.2,1,34,10.0,Suburban,No,65652263.0
1463,4,2.3,2,35,10.3,Suburban,Yes,24057319.0
627,1,1.0,3,19,16.2,Urban,Yes,10666625.0
991,1,1.3,1,12,12.1,Urban,Yes,16700350.0
770,1,1.0,2,16,10.2,Suburban,Yes,13084632.0
3824,6,4.2,3,30,23.0,Suburban,Yes,57482352.0
4067,5,3.9,3,38,2.8,Urban,Yes,63024336.0
1113,2,2.7,2,28,12.6,Rural,Yes,17770686.0
3486,5,2.4,3,23,24.5,Suburban,No,53389349.0
1217,3,1.6,3,29,7.0,Suburban,No,19968943.0
1968,3,1.6,3,3,8.5,Urban,No,32599989.0
2897,4,2.2,1,27,7.8,Urban,Yes,45617697.0
3379,5,2.7,1,1,1.0,Urban,Yes,54151428.0
3998,6,3.8,1,43,17.1,Urban,Yes,61528756.0
679,2,1.0,3,40,2.3,Suburban,Yes,11861016.0
1285,1,1.0,2,22,10.3,Suburban,No,19593333.0
1622,2,1.3,1,16,34.8,Rural,No,23765968.0
1741,4,2.8,2,32,32.2,Rural,Yes,26800802.0
4492,7,4.8,1,28,8.3,Urban,Yes,70754361.0
3609,4,2.9,3,31,11.5,Urban,Yes,55915851.0
1781,3,1.8,2,23,16.8,Suburban,Yes,27507702.0
4387,7,5.0,3,10,29.7,Rural,No,67008738.0
2497,3,2.1,1,3,28.3,Rural,Yes,37586658.0
2502,4,1.7,2,12,5.3,Urban,Yes,40506263.0
2234,4,2.1,1,23,5.2,Urban,Yes,35813466.0
1075,2,1.0,3,19,15.2,Urban,Yes,18646649.0
4237,7,4.6,2,22,30.6,Suburban,Yes,64402925.0
555,1,1.0,2,12,31.0,Suburban,No,8968828.0
1197,2,1.1,2,42,4.7,Suburban,Yes,19629599.0
1418,2,2.3,1,16,20.5,Suburban,Yes,23043970.0
1617,2,1.6,3,38,6.3,Urban,Yes,26644736.0
1027,2,1.7,2,17,24.3,Suburban,Yes,15880990.0
571,2,1.0,3,19,32.2,Urban,Yes,10521899.0
3210,6,3.4,1,27,16.5,Suburban,Yes,50660857.0
4377,7,4.6,1,11,3.8,Suburban,Yes,67762025.0
987,1,1.0,3,9,20.7,Suburban,Yes,15961468.0
1686,3,1.0,1,17,14.9,Urban,No,27625286.0
2525,4,2.5,1,36,28.6,Suburban,No,38113010.0
4210,7,4.6,3,6,12.6,Suburban,No,66617870.0
3277,5,3.1,1,19,30.7,Urban,Yes,50465309.0
3564,6,3.5,1,30,10.3,Urban,No,55140010.0
2824,4,2.3,2,31,6.4,Suburban,Yes,44270056.0
2168,3,1.9,1,19,11.4,Urban,Yes,34083055.0
1299,2,1.3,1,3,2.2,Urban,Yes,22282554.0
3957,7,4.9,1,0,10.6,Urban,Yes,62999759.0
3716,6,4.4,1,21,23.4,Urban,No,58137395.0
600,1,1.0,1,36,5.8,Suburban,Yes,10216821.0
3361,6,3.7,3,1,4.8,Suburban,Yes,53686579.0
837,1,1.0,1,39,5.5,Urban,No,13680406.0
3455,6,4.2,1,30,3.6,Suburban,Yes,54437052.0
3803,6,3.7,1,0,30.7,Urban,No,60829721.0
1024,1,1.0,2,15,33.1,Urban,No,16528877.0
2235,5,3.7,3,9,2.6,Urban,No,37313152.0
995,1,1.3,2,42,26.8,Suburban,No,13941862.0
2769,3,2.8,1,24,26.1,Rural,Yes,40699433.0
4210,6,3.5,1,14,34.9,Suburban,Yes,63689030.0
823,1,1.0,2,12,12.8,Urban,No,13993330.0
2090,3,2.0,1,25,10.7,Urban,No,33028365.0
4392,7,4.5,3,0,16.4,Urban,Yes,70165307.0
1703,2,1.0,3,11,30.1,Suburban,Yes,26804525.0
1028,2,1.0,2,7,25.8,Urban,Yes,17388925.0
2454,4,2.6,3,27,17.0,Rural,Yes,36815274.0
2533,4,2.2,1,30,9.3,Suburban,Yes,39803715.0
3151,5,3.3,1,21,25.7,Suburban,No,47898026.0
1754,3,1.6,3,6,30.1,Suburban,No,26437875.0
4322,5,2.7,3,16,14.6,Urban,Yes,67294394.0
2584,4,2.7,1,37,23.7,Suburban,Yes,39726159.0
1645,1,1.0,2,9,14.6,Urban,Yes,25413641.0
4341,7,4.8,1,7,17.3,Suburban,Yes,66840850.0
4199,6,5.0,2,5,18.8,Suburban,Yes,64996196.0
2496,5,3.4,3,36,27.4,Urban,Yes,39923730.0
599,2,1.5,3,5,34.2,Suburban,Yes,10097014.0
2887,5,2.7,2,26,16.1,Urban,Yes,45288836.0
2720,4,2.0,3,44,12.6,Urban,Yes,42954026.0
1092,2,2.1,2,28,13.7,Suburban,Yes,17481855.0
3035,4,2.1,3,18,5.6,Suburban,Yes,47530225.0
3863,6,3.4,1,9,11.1,Rural,Yes,58461118.0
923,2,1.3,2,0,3.9,Suburban,Yes,15597150.0
3393,5,3.2,2,7,15.5,Suburban,Yes,53069371.0
1061,2,1.0,2,42,6.7,Urban,Yes,17944734.0
3495,6,3.7,1,6,12.8,Urban,Yes,55913005.0
2176,3,2.6,1,0,28.0,Rural,No,32298333.0
526,2,1.0,3,36,9.4,Urban,Yes,9938403.0
4364,7,3.9,1,18,21.8,Suburban,Yes,67484723.0
1163,2,1.8,2,16,31.6,Urban,Yes,18430969.0
2884,4,2.8,2,32,20.3,Urban,No,45202557.0
1225,1,1.0,2,23,7.6,Suburban,No,19689527.0
4232,6,3.1,1,41,12.7,Suburban,Yes,64633640.0
3453,6,3.5,1,21,21.1,Suburban,Yes,52896787.0
3717,5,3.2,1,32,18.2,Rural,Yes,55216664.0
2228,4,3.2,1,39,6.1,Urban,Yes,35705275.0
2369,3,1.4,1,20,16.2,Suburban,Yes,35715332.0
3037,5,3.2,1,12,19.5,Urban,Yes,47556738.0
3639,6,4.2,1,43,10.1,Suburban,No,55887430.0
3887,7,3.4,3,10,21.8,Urban,No,61256107.0
571,1,1.2,2,1,3.4,Suburban,Yes,10282391.0
3154,6,3.3,1,26,12.4,Urban,No,49916455.0
936,2,1.5,2,44,28.3,Suburban,Yes,14473836.0
1651,3,2.1,1,3,9.8,Suburban,Yes,27431349.0
3817,6,4.4,2,38,21.6,Rural,No,57405411.0
1502,3,2.2,1,37,14.9,Urban,Yes,24891561.0
3687,6,2.7,1,41,11.8,Rural,Yes,55608585.0
2352,5,2.9,1,18,32.1,Urban,Yes,37746768.0
1430,2,1.4,2,11,12.7,Urban,Yes,23244397.0
1836,4,2.5,2,23,9.0,Urban,Yes,30381215.0
2623,4,2.8,2,6,31.9,Urban,Yes,41376158.0
3560,5,3.6,2,37,26.4,Suburban,Yes,53891513.0
2924,4,2.9,3,29,24.2,Urban,Yes,45885349.0
4232,7,4.4,3,21,2.7,Urban,Yes,67338071.0
3970,7,3.6,2,23,5.5,Suburban,No,61654516.0
3513,5,3.0,2,32,22.7,Suburban,Yes,53393475.0
2912,4,2.8,2,23,8.1,Suburban,Yes,44910721.0
1659,2,1.0,1,37,8.7,Suburban,No,25611834.0
2150,3,2.3,2,41,27.5,Urban,No,33187380.0
975,1,1.1,1,42,10.7,Suburban,Yes,14579724.0
1996,2,1.4,3,27,3.4,Urban,No,31748041.0
4205,7,3.0,2,33,2.2,Urban,No,64747615.0
2203,4,2.0,3,13,16.1,Urban,Yes,35805217.0
954,4,3.5,3,1,22.0,Suburban,No,16733729.0
3107,4,2.3,2,18,30.5,Urban,No,47439990.0
4350,7,3.6,3,39,4.8,Suburban,Yes,67844470.0
3969,6,4.5,2,6,7.7,Urban,Yes,62420831.0
1596,2,1.3,1,24,19.0,Suburban,No,24493877.0
2315,4,3.2,1,8,13.4,Suburban,No,37294719.0
2624,4,2.7,1,19,17.4,Urban,Yes,41961971.0
1491,2,1.5,3,6,32.4,Urban,No,23848508.0
1574,2,1.5,2,33,19.5,Suburban,No,23315669.0
1446,1,1.0,1,36,15.1,Suburban,No,20853872.0
4478,6,5.0,2,34,34.6,Urban,No,68038602.0
3484,6,4.4,1,31,3.2,Suburban,Yes,54036450.0
3863,6,3.1,3,10,32.7,Urban,Yes,59798304.0
3766,5,3.5,3,23,18.1,Urban,Yes,58611959.0
4336,7,5.0,1,4,18.1,Urban,Yes,68081789.0
921,2,1.9,3,16,32.3,Suburban,Yes,15098245.0
4026,6,3.7,2,22,18.2,Urban,No,61827592.0
766,1,1.2,1,30,15.9,Suburban,No,11466190.0
2401,5,3.7,3,4,10.3,Urban,Yes,39760048.0
2877,6,5.0,1,36,23.4,Suburban,No,44259732.0
1931,3,1.6,1,20,20.4,Urban,Yes,31541091.0
1084,2,1.0,1,39,8.3,Suburban,Yes,17199911.0
1269,3,1.8,2,23,25.1,Suburban,Yes,19438185.0
3798,7,4.3,2,24,22.9,Urban,Yes,59819382.0
1774,3,1.5,1,31,14.5,Urban,Yes,28623549.0
1741,3,1.0,1,36,1.1,Suburban,No,26915992.0
4193,7,4.3,1,7,16.2,Rural,Yes,63556071.0
1075,1,1.0,3,23,1.2,Rural,Yes,17610225.0
4161,7,4.3,3,1,3.5,Urban,Yes,66006052.0
4183,5,4.2,3,21,15.6,Suburban,Yes,64513647.0
2894,4,2.6,2,36,3.8,Urban,No,45419423.0
1162,3,2.6,2,38,10.4,Urban,No,19836565.0
1123,2,1.4,3,12,23.3,Suburban,Yes,18948986.0
1638,4,3.0,2,17,11.5,Suburban,Yes,27078737.0
2809,4,2.7,2,24,34.9,Suburban,Yes,42323301.0
1114,1,1.3,1,17,32.2,Suburban,Yes,17342297.0
2322,3,2.0,2,8,20.9,Urban,Yes,36659205.0
961,2,1.5,1,13,33.9,Suburban,Yes,15096301.0
2661,4,2.8,1,18,30.5,Urban,Yes,40929612.0
584,2,1.2,3,23,11.8,Urban,Yes,10953423.0
3336,5,3.5,3,41,26.5,Urban,Yes,51726124.0
721,1,1.8,1,24,5.7,Rural,Yes,11452739.0
1279,1,1.0,1,17,24.3,Suburban,Yes,18736824.0
1198,2,1.5,1,29,17.7,Urban,Yes,19847379.0
3823,6,4.5,3,34,1.6,Suburban,Yes,59263557.0
713,1,1.2,1,19,10.3,Rural,Yes,11551760.0
2217,3,2.0,1,22,33.5,Rural,Yes,32389116.0
2864,4,1.4,1,9,11.7,Suburban,No,43414970.0
2563,4,2.9,3,38,7.2,Urban,No,40615212.0
3222,6,2.8,2,39,7.4,Suburban,Yes,49577894.0
3712,6,4.6,3,7,17.3,Suburban,No,58308425.0
2074,3,2.0,3,15,29.7,Rural,No,30825839.0
3812,4,3.1,1,12,26.8,Suburban,Yes,57610146.0
1771,2,1.0,3,41,15.9,Suburban,Yes,27312010.0
4437,7,3.8,2,2,8.1,Urban,Yes,69528074.0
2518,3,2.1,2,9,2.6,Suburban,Yes,39069681.0
3444,6,3.9,1,14,16.7,Urban,No,54264358.0
4000,6,3.7,3,25,28.7,Urban,Yes,61523748.0
3670,7,4.6,3,11,25.8,Suburban,Yes,56842395.0
3904,6,5.0,2,24,14.9,Suburban,Yes,60814740.0
2646,4,3.0,1,33,21.2,Rural,Yes,39774879.0
673,1,1.2,3,37,15.8,Suburban,Yes,10392677.0
2472,4,3.0,3,4,20.7,Rural,Yes,37871989.0
1225,3,2.7,2,6,18.6,Suburban,Yes,20032621.0
4056,4,2.5,2,4,24.2,Suburban,No,62030944.0
1446,1,1.0,1,40,18.3,Urban,Yes,22886105.0
1412,2,1.2,1,29,33.0,Suburban,Yes,20928620.0
1497,2,1.7,3,23,15.6,Urban,No,24516588.0
3070,5,2.8,2,35,1.5,Urban,Yes,48107716.0
2784,5,3.2,1,26,9.0,Urban,Yes,44095309.0
4295,6,3.6,3,10,18.0,Suburban,No,65910688.0
2165,4,3.4,1,22,19.4,Suburban,Yes,34117204.0
1629,3,2.3,1,31,19.8,Rural,Yes,24385043.0
697,1,1.0,1,1,25.3,Rural,Yes,10649506.0
528,2,1.6,2,27,10.3,Rural,Yes,8708651.0
1994,3,1.9,2,22,23.6,Urban,Yes,31614190.0
4203,6,4.0,1,3,24.9,Rural,Yes,63466434.0
2595,5,2.7,2,11,15.0,Suburban,Yes,40773681.0
4074,6,2.8,2,20,14.7,Rural,Yes,61735972.0
906,1,1.0,2,15,7.1,Urban,Yes,16133667.0
873,3,2.1,2,13,15.1,Urban,Yes,16157562.0
3833,4,3.2,3,29,27.8,Rural,Yes,56450531.0
926,1,1.4,3,18,31.9,Urban,No,14587682.0
707,1,1.4,1,22,21.2,Urban,Yes,12376597.0
2116,3,1.5,3,35,11.2,Suburban,Yes,33493853.0
4199,6,3.7,2,4,24.2,Urban,Yes,65527687.0
3257,4,2.8,1,16,26.2,Urban,Yes,50200849.0
896,1,1.9,2,3,12.3,Rural,Yes,14396353.0
3848,5,4.0,3,41,29.1,Rural,No,56466230.0
3874,7,5.0,3,8,3.5,Rural,Yes,61087024.0
3702,7,4.4,2,36,1.4,Urban,Yes,58936167.0
4110,6,3.5,1,8,5.2,Urban,Yes,64337344.0
1459,2,1.7,1,14,6.3,Urban,No,23895842.0
4418,6,3.3,1,27,30.9,Suburban,Yes,66350034.0
1782,1,1.0,3,37,15.4,Urban,Yes,28500451.0
3708,6,3.8,2,8,10.3,Suburban,No,57500392.0
2817,4,3.4,2,9,15.6,Rural,No,42865215.0
3617,5,3.1,3,39,14.4,Suburban,Yes,55607877.0
3011,3,1.0,3,14,11.2,Urban,No,46461755.0
3069,4,2.9,3,9,5.7,Urban,No,48822269.0
2965,5,2.9,1,33,23.3,Urban,Yes,46297396.0
3615,6,3.9,2,4,5.6,Urban,No,56766965.0
3456,6,3.9,3,39,27.4,Suburban,Yes,53078913.0
1038,1,1.0,3,39,7.9,Urban,Yes,17364607.0
3804,7,4.9,1,38,25.9,Suburban,Yes,58338685.0
2644,3,1.2,2,13,28.4,Suburban,No,39757233.0
1792,3,1.7,3,5,5.3,Urban,Yes,30222026.0
2556,4,2.9,1,19,3.9,Urban,Yes,41704004.0
4367,6,3.6,2,15,33.3,Urban,Yes,66674122.0
3930,6,3.1,1,43,16.7,Urban,Yes,60393631.0
3834,6,4.2,3,28,22.4,Suburban,No,58958178.0
2351,4,3.2,1,42,1.8,Suburban,No,36652317.0
3636,5,3.2,1,33,10.5,Rural,Yes,54913732.0
2040,4,1.6,1,32,18.2,Suburban,No,32384710.0
3244,6,4.3,1,5,31.1,Urban,No,51174161.0
3058,4,1.8,2,3,10.2,Urban,Yes,48979522.0
1499,3,2.1,1,2,27.4,Urban,Yes,24596518.0
1565,4,2.2,2,26,23.5,Urban,Yes,25306689.0
744,3,1.4,2,9,4.9,Rural,Yes,12634757.0
1059,1,1.0,2,44,11.0,Suburban,Yes,16669882.0
2234,3,1.9,3,5,9.1,Urban,Yes,36581873.0
2411,5,2.9,2,42,16.0,Urban,No,38224963.0
1160,1,1.0,2,30,22.6,Urban,Yes,18494345.0
2167,2,1.1,3,4,15.7,Rural,No,32361889.0
2916,4,3.1,1,2,9.3,Urban,No,46150464.0
1430,3,2.1,3,17,24.7,Urban,Yes,24143614.0
1852,3,1.6,3,15,20.9,Urban,Yes,30416527.0
1970,3,1.5,1,14,18.7,Suburban,No,29782791.0
2520,3,1.1,1,23,19.9,Suburban,No,38181254.0
1965,2,1.4,2,5,8.5,Suburban,Yes,30720675.0
3447,5,3.1,1,5,24.1,Urban,Yes,54112315.0
1809,5,2.1,2,31,14.2,Urban,Yes,29763715.0
2235,4,2.3,3,44,13.4,Rural,No,34181305.0
2017,4,2.1,2,12,6.1,Urban,No,32842166.0
1231,2,2.1,1,41,21.3,Urban,Yes,19851275.0
3242,5,2.4,1,15,21.5,Suburban,Yes,49996967.0
1441,2,1.0,3,15,12.6,Urban,Yes,23582019.0
1687,1,1.2,1,4,30.2,Urban,No,26070314.0
3671,5,3.9,2,19,29.7,Suburban,No,55536137.0
4295,5,2.9,3,22,4.7,Suburban,No,65404884.0
3183,3,1.6,1,29,24.6,Urban,Yes,48260425.0
4165,5,3.6,2,7,14.4,Urban,Yes,65458107.0
3916,7,3.4,2,8,35.0,Suburban,Yes,59882652.0
2423,4,1.7,1,19,8.7,Urban,Yes,38962984.0
3581,7,4.4,2,3,10.5,Urban,Yes,57715068.0
1813,3,2.7,2,6,16.0,Suburban,No,28095859.0
2341,4,2.4,1,28,10.1,Suburban,Yes,36713926.0
2641,3,2.0,3,42,24.5,Rural,Yes,38277419.0
4341,7,5.0,2,25,17.4,Urban,No,67796341.0
3894,7,5.0,1,6,8.5,Urban,Yes,61841764.0
2457,3,1.7,3,44,18.2,Suburban,Yes,37295865.0
3110,5,3.2,3,23,31.2,Suburban,No,46798174.0
1309,2,2.2,1,32,27.9,Urban,Yes,20935772.0
3717,5,2.5,1,8,18.0,Suburban,Yes,57379628.0
2712,3,2.5,2,26,10.8,Urban,Yes,42301266.0
2630,3,1.4,2,3,7.1,Suburban,No,40463575.0
3565,6,4.0,3,28,30.9,Suburban,Yes,54911279.0
3031,5,3.1,2,9,25.1,Urban,Yes,48119128.0
789,1,1.0,2,40,20.5,Rural,Yes,10144119.0
1652,3,1.5,1,2,30.9,Rural,Yes,25781133.0
1206,2,1.4,2,29,5.1,Urban,No,20314649.0
3439,6,4.4,3,6,24.2,Urban,Yes,55034713.0
640,2,1.2,2,30,8.4,Suburban,Yes,11046607.0
1309,3,2.0,2,22,5.1,Urban,Yes,21719391.0
2889,4,2.9,1,43,16.8,Urban,Yes,45068525.0
3279,6,3.4,3,29,14.2,Urban,Yes,51748765.0
2513,3,2.3,1,16,33.0,Rural,Yes,37327269.0
3942,7,5.0,1,3,12.0,Urban,Yes,62598540.0
4175,6,5.0,1,26,28.7,Suburban,Yes,63663218.0
1028,1,1.0,3,19,26.5,Urban,No,16280252.0
4310,5,3.0,2,2,23.7,Urban,No,66706575.0
2957,4,3.0,3,26,32.3,Rural,Yes,43589129.0
3044,3,2.4,2,9,14.9,Urban,Yes,48736706.0
880,2,1.0,2,10,14.2,Urban,Yes,16730677.0
2987,6,3.7,2,0,6.5,Urban,Yes,49467215.0
3402,5,3.5,1,16,10.4,Suburban,Yes,53300166.0
2823,5,2.8,2,9,30.9,Urban,No,44189653.0
837,1,1.0,3,3,17.1,Urban,No,15195246.0
2592,3,2.0,3,19,12.6,Urban,Yes,41057521.0
4243,7,5.0,2,9,8.3,Urban,No,66191817.0
3393,5,2.9,3,6,17.5,Urban,Yes,54361941.0
1049,3,1.0,3,21,25.4,Suburban,Yes,17525671.0
4339,6,2.9,2,2,10.7,Urban,Yes,67917997.0
4335,7,3.9,2,44,26.8,Urban,Yes,66094567.0
1177,2,1.0,1,21,22.4,Suburban,No,17705910.0
3703,6,3.8,1,44,27.8,Suburban,Yes,55198384.0
2126,3,1.4,3,39,9.5,Urban,Yes,34247286.0
2874,4,2.2,1,44,22.5,Urban,Yes,43406511.0
2280,3,1.6,2,24,6.2,Urban,No,36226674.0
3630,5,3.0,3,19,13.4,Rural,Yes,54798538.0
4486,7,5.0,1,32,25.6,Urban,Yes,68617783.0
3680,6,4.2,3,3,22.5,Urban,Yes,58428260.0
4225,7,4.6,2,37,7.4,Urban,No,65701490.0
4284,7,4.3,1,14,30.2,Urban,Yes,66828785.0
860,2,1.1,1,0,2.8,Urban,Yes,15443978.0
1513,2,1.5,3,10,21.2,Urban,No,24207308.0
3387,6,4.2,3,10,34.4,Suburban,Yes,51416261.0
2860,4,2.1,3,0,19.1,Suburban,Yes,43666844.0
700,1,1.0,3,30,28.2,Suburban,Yes,11774787.0
880,1,1.0,1,4,21.2,Suburban,Yes,15123219.0
2582,5,3.4,3,38,27.6,Urban,Yes,40821527.0
2964,5,3.6,1,20,23.3,Rural,Yes,44480677.0
1170,2,1.2,1,32,24.5,Suburban,Yes,17753698.0
1185,3,2.9,3,15,8.7,Suburban,Yes,20658208.0
1017,1,1.0,2,5,26.2,Suburban,Yes,15884625.0
2759,3,2.1,2,8,9.1,Urban,No,43554235.0
531,1,1.0,3,29,34.3,Urban,Yes,9179160.0
2789,4,2.5,1,32,8.7,Urban,Yes,43597134.0
2403,4,2.5,2,12,9.0,Urban,Yes,38706713.0
2363,3,2.0,3,16,30.2,Suburban,No,36001094.0
3217,5,3.7,2,42,9.3,Urban,Yes,50098300.0
2590,6,4.6,2,38,13.3,Urban,Yes,42103678.0
3410,6,3.9,2,18,25.3,Rural,Yes,51640189.0
3555,6,4.3,3,10,6.4,Suburban,Yes,56182015.0
4180,6,3.5,1,13,6.4,Suburban,No,64845983.0
3696,5,3.6,3,24,17.5,Urban,No,57339314.0
2570,2,1.0,3,25,9.3,Suburban,No,39388312.0
2468,4,3.1,3,8,9.0,Rural,Yes,37695585.0
1442,3,3.1,2,2,1.3,Suburban,Yes,24292737.0
2898,3,1.9,2,22,13.6,Suburban,Yes,44328260.0
1056,1,1.0,2,35,11.8,Suburban,No,17021899.0
4224,6,3.6,1,6,2.1,Urban,No,65263822.0
3880,5,3.9,3,18,22.1,Suburban,No,59168506.0
978,2,1.6,2,7,22.3,Rural,Yes,15869910.0
3643,4,2.7,3,10,3.4,Urban,No,56731441.0
968,2,1.8,1,27,11.8,Urban,Yes,16558623.0
3384,6,4.1,3,12,30.7,Urban,No,53227883.0
850,1,1.3,2,11,20.8,Urban,Yes,14814429.0
2452,2,1.8,3,44,15.0,Rural,Yes,36860597.0
3131,4,3.4,1,7,16.8,Suburban,Yes,48621713.0
3415,6,4.1,2,8,8.1,Urban,No,54998798.0
2174,1,1.1,2,41,28.6,Urban,Yes,32615796.0
4186,6,3.7,2,24,32.1,Urban,Yes,64085564.0
3597,5,2.9,1,1,32.0,Urban,Yes,55702925.0
1333,3,2.8,2,19,8.6,Suburban,Yes,21587704.0
3184,4,2.7,1,25,11.6,Suburban,No,48652380.0
3422,6,4.3,2,11,6.5,Suburban,Yes,53812355.0
1834,3,2.0,1,24,11.4,Urban,Yes,29367895.0
3452,7,4.3,2,29,12.3,Suburban,No,53903796.0
4093,6,3.9,2,11,22.5,Suburban,Yes,62440828.0
3768,6,4.6,1,36,7.4,Urban,Yes,59447926.0
3550,4,2.9,3,20,32.3,Suburban,Yes,53541148.0
3037,6,3.0,3,43,4.5,Suburban,Yes,48071093.0
1582,2,1.2,1,3,1.2,Suburban,Yes,25417868.0
3680,5,4.1,1,14,30.1,Urban,Yes,57298159.0
1956,3,1.8,3,32,24.9,Urban,Yes,31061003.0
2628,3,1.0,1,40,13.1,Suburban,No,39560556.0
1757,3,2.9,3,9,21.2,Urban,No,28789576.0
1752,3,2.3,2,44,8.6,Urban,No,27226271.0
1130,2,1.3,2,8,6.7,Suburban,Yes,19335557.0
4345,5,3.1,1,18,17.0,Urban,Yes,66843043.0
1091,2,1.8,2,14,13.0,Suburban,No,18010782.0
845,2,1.0,1,19,21.9,Rural,No,12639311.0
4244,5,3.8,2,40,8.4,Suburban,Yes,64293217.0
2720,3,2.2,2,32,23.5,Suburban,Yes,40713342.0
2251,4,2.7,1,35,27.1,Suburban,Yes,34640210.0
3449,6,4.0,2,11,6.7,Urban,Yes,55066638.0
2033,3,1.9,2,42,2.5,Urban,Yes,33040893.0
1011,3,2.5,3,19,15.9,Suburban,Yes,17167510.0
3418,6,3.5,1,29,27.3,Urban,No,53240934.0
1203,2,1.0,3,31,23.1,Urban,Yes,19857787.0
2711,6,4.2,3,29,24.9,Urban,Yes,43623289.0
4296,6,4.2,3,27,14.7,Suburban,Yes,65888295.0
4244,6,4.1,3,21,9.0,Urban,No,66330592.0
1943,3,2.2,2,29,19.1,Suburban,No,30308084.0
3621,6,3.7,3,40,7.9,Urban,Yes,56982303.0
2950,4,3.0,3,17,25.7,Suburban,Yes,45672628.0
2417,3,1.9,2,22,7.7,Urban,Yes,38509962.0
1059,3,1.7,1,8,10.9,Urban,No,18509772.0
2005,3,1.8,2,15,18.2,Suburban,Yes,32109635.0
3107,4,3.6,3,34,17.5,Suburban,No,47935279.0
4446,7,3.7,3,28,21.4,Urban,Yes,69069932.0
519,1,1.0,2,9,15.9,Urban,Yes,10220204.0
3371,5,2.4,1,24,32.3,Urban,Yes,51491058.0
3885,6,3.8,3,36,29.6,Urban,Yes,59971463.0
4304,6,3.7,1,5,30.9,Suburban,Yes,65733429.0
2195,4,1.6,1,2,22.4,Urban,Yes,35629476.0
973,3,2.1,2,17,22.6,Suburban,No,16186449.0
1583,3,1.8,3,29,21.7,Urban,Yes,25284933.0
3902,6,2.9,1,14,15.8,Suburban,No,60079042.0
4011,6,4.3,2,36,12.0,Urban,Yes,62505552.0
3048,4,3.3,1,38,21.1,Suburban,Yes,45763654.0
990,1,1.4,2,23,1.9,Urban,No,17516573.0
987,1,1.0,1,17,1.3,Rural,No,15643376.0
2412,4,2.6,2,1,30.0,Suburban,Yes,37718686.0
2853,3,2.6,2,36,2.6,Suburban,No,43884257.0
629,2,2.1,1,40,18.8,Urban,Yes,11518252.0
3244,5,3.8,1,19,21.9,Urban,Yes,51468297.0
2678,4,2.1,3,23,7.7,Urban,Yes,43119231.0
549,1,1.0,1,33,31.5,Urban,Yes,8502040.0
882,2,1.5,1,31,7.5,Suburban,Yes,15422413.0
2317,5,2.3,1,6,31.1,Suburban,Yes,36599846.0
3390,6,4.1,3,30,26.9,Suburban,No,51727914.0
3801,5,4.4,2,41,9.2,Suburban,No,57476769.0
2225,4,2.9,1,33,6.1,Urban,No,35723466.0
1681,3,2.7,3,21,11.8,Urban,No,27551683.0
4373,5,3.3,1,23,14.5,Suburban,Yes,66555998.0
2334,4,2.6,2,11,9.4,Urban,Yes,38308733.0
1761,3,2.1,1,29,35.0,Urban,Yes,27257601.0
2269,4,2.2,3,10,8.8,Rural,Yes,34872651.0
548,1,1.0,3,15,29.2,Rural,Yes,8383218.0
1707,3,2.6,3,11,6.4,Suburban,Yes,27728675.0
2562,5,3.9,1,15,34.3,Urban,Yes,40622143.0
4173,7,4.1,1,16,8.7,Suburban,Yes,64144603.0
3452,3,2.4,3,3,15.3,Urban,Yes,53847918.0
3625,5,3.2,3,32,20.0,Urban,Yes,56656228.0
2679,4,2.8,1,19,5.1,Urban,Yes,43085970.0
942,1,1.0,3,42,28.8,Rural,No,12532639.0
2063,3,2.4,3,8,10.3,Rural,Yes,31575181.0
4488,7,4.6,2,30,19.7,Suburban,No,68437694.0
676,1,1.4,2,8,19.7,Urban,No,12257065.0
4016,6,4.1,1,24,21.5,Suburban,Yes,61589329.0
3237,4,2.9,1,22,2.9,Urban,Yes,50710228.0
1635,2,1.0,1,20,6.7,Rural,Yes,24880121.0
3611,7,5.0,1,29,6.5,Urban,Yes,58128560.0
3847,5,3.5,3,37,11.3,Urban,Yes,59947215.0
672,1,1.0,2,14,5.9,Suburban,No,10647283.0
925,1,1.0,3,38,32.3,Suburban,No,13589340.0
3162,6,3.5,1,8,18.4,Suburban,Yes,50357981.0
4496,7,5.0,3,13,22.2,Urban,Yes,69822274.0
595,1,1.0,1,13,13.2,Suburban,Yes,10168476.0
3162,5,2.3,3,42,10.4,Urban,No,49114349.0
1046,1,1.2,1,5,18.1,Urban,Yes,17683947.0
3100,6,3.6,1,17,11.0,Suburban,Yes,48725413.0
2993,4,3.3,1,19,12.7,Urban,No,47320087.0
861,1,1.0,3,36,16.4,Suburban,Yes,13677852.0
3222,5,3.4,1,21,18.2,Urban,Yes,51111367.0
4088,6,4.5,2,43,34.5,Urban,Yes,62526055.0
3953,7,4.1,2,33,8.6,Suburban,Yes,61143738.0
615,1,1.0,3,31,17.6,Urban,Yes,10751168.0
1483,3,1.9,2,33,6.1,Suburban,Yes,23009611.0
1463,2,1.7,1,7,12.9,Suburban,Yes,23507802.0
2313,4,1.9,2,20,25.4,Urban,No,37184000.0
1072,1,1.0,1,26,6.9,Suburban,Yes,17204406.0
3917,7,5.0,3,9,20.8,Urban,No,62127936.0
3607,4,2.3,3,5,15.2,Urban,Yes,56273236.0
3733,7,4.4,1,6,2.8,Urban,No,59382950.0
1292,3,1.0,3,35,32.7,Suburban,Yes,20313689.0
558,1,1.0,1,29,15.1,Suburban,No,9676712.0
4142,7,4.5,2,12,27.7,Suburban,Yes,64543177.0
1655,3,2.4,2,33,15.2,Rural,Yes,25511460.0
3125,6,3.5,1,31,32.9,Urban,Yes,48610518.0
4137,6,4.7,2,36,10.9,Rural,Yes,62801074.0
644,1,1.0,1,40,15.0,Suburban,No,9398922.0
521,1,1.0,3,39,26.8,Rural,No,6293225.0
521,1,1.4,3,8,12.7,Rural,No,7924041.0
1125,3,2.1,3,34,13.4,Rural,Yes,17650110.0
706,1,1.0,2,17,34.8,Urban,No,11352003.0
3779,5,3.2,2,18,19.9,Suburban,No,56844451.0
2923,5,3.9,2,29,24.4,Suburban,Yes,45105904.0
4420,7,5.0,3,27,22.9,Suburban,Yes,67862906.0
3705,6,3.5,2,18,29.1,Urban,Yes,57154518.0
4352,7,4.5,2,44,30.3,Rural,Yes,64910819.0
1454,2,1.3,2,7,20.2,Urban,Yes,23794171.0
1651,2,1.0,2,4,11.0,Suburban,No,25666013.0
3897,5,3.2,2,1,1.8,Suburban,Yes,61185902.0
1479,1,1.0,3,36,21.9,Urban,Yes,22413394.0
728,1,1.2,2,18,29.1,Suburban,Yes,10616190.0
3176,5,3.9,3,19,16.3,Urban,No,50122879.0
3703,5,3.1,3,29,6.6,Suburban,No,56877557.0
4372,4,2.5,2,19,10.8,Suburban,No,66168297.0
4211,5,3.6,3,25,18.3,Urban,Yes,64930362.0
980,2,1.0,1,2,29.4,Suburban,Yes,15250134.0
3588,5,3.5,3,7,6.8,Urban,Yes,57065108.0
3884,6,3.9,1,41,21.8,Suburban,Yes,58795690.0
3292,4,2.1,2,20,26.6,Rural,Yes,49696782.0
3779,7,4.1,1,7,32.8,Urban,Yes,59011998.0
3851,6,4.6,2,16,5.0,Suburban,No,59831567.0
2286,4,2.5,2,15,32.5,Suburban,Yes,36395938.0
660,3,2.8,3,12,21.4,Suburban,No,11737558.0
2324,5,3.0,1,13,27.1,Suburban,Yes,36612071.0
1307,2,1.4,3,32,2.8,Suburban,Yes,21480739.0
954,1,1.8,3,4,18.2,Suburban,Yes,16249731.0
999,1,1.0,2,13,22.2,Urban,Yes,16845369.0
3289,5,2.3,2,21,11.4,Urban,Yes,51818928.0
2518,4,3.2,3,24,15.7,Rural,Yes,38596750.0
2659,4,2.2,1,39,19.8,Urban,Yes,40994703.0
3480,7,4.5,3,41,19.8,Suburban,Yes,54178883.0
2693,4,2.3,1,13,2.4,Urban,Yes,44088591.0
3020,6,4.0,3,24,15.9,Suburban,No,47733007.0
844,1,1.0,1,1,8.3,Suburban,No,14070163.0
3904,7,4.5,3,27,32.2,Urban,Yes,61308723.0
2295,4,2.8,3,6,34.2,Urban,Yes,36329971.0
1120,2,1.0,1,3,11.2,Urban,Yes,19214370.0
3753,5,2.9,2,30,7.0,Rural,Yes,57169032.0
3438,5,3.1,2,8,8.5,Suburban,Yes,54297225.0
712,1,1.0,1,21,17.2,Suburban,Yes,11128710.0
1272,3,1.7,2,4,30.7,Suburban,Yes,20226985.0
562,1,1.0,3,33,18.0,Urban,No,10846619.0
1583,1,1.0,1,34,2.9,Urban,Yes,25311018.0
899,1,1.0,3,25,2.4,Urban,No,16435213.0
3339,4,2.6,3,37,8.7,Urban,Yes,52173186.0
2590,3,1.6,2,19,29.7,Suburban,Yes,39296381.0
4420,7,4.9,2,8,22.1,Rural,No,66944329.0
3497,6,4.6,2,6,20.1,Rural,Yes,54222450.0
2946,5,3.0,1,9,11.8,Rural,Yes,45838400.0
2537,2,1.5,2,9,32.6,Suburban,No,37397549.0
718,1,1.0,3,14,12.3,Urban,Yes,13051797.0
780,1,1.0,1,9,29.4,Suburban,Yes,12672985.0
2965,6,4.7,3,26,31.5,Rural,Yes,45229203.0
517,1,1.0,3,6,17.4,Suburban,Yes,9167677.0
669,1,1.0,3,27,31.4,Suburban,Yes,10913994.0
1376,3,2.2,2,15,10.4,Suburban,Yes,23125754.0
4036,7,5.0,2,30,23.4,Suburban,No,61606861.0
2335,4,2.5,2,23,4.0,Rural,Yes,36177065.0
3338,5,3.7,3,40,17.1,Suburban,Yes,50752986.0
2146,4,2.3,3,19,8.4,Urban,Yes,34793234.0
1192,2,1.0,2,13,3.1,Urban,Yes,20691674.0
1984,2,1.4,3,26,1.1,Suburban,No,30897933.0
866,2,1.0,2,29,12.0,Urban,Yes,14683906.0
3581,4,2.5,2,19,21.0,Rural,Yes,53216312.0
1234,2,1.9,1,25,16.5,Suburban,No,18658730.0
2005,3,1.0,2,21,11.3,Suburban,No,31146677.0
4420,6,3.3,2,13,34.7,Urban,No,66665162.0
2867,4,2.1,3,14,32.9,Suburban,Yes,43352490.0
2334,3,1.9,3,40,5.3,Suburban,Yes,35360076.0
2672,3,1.8,1,30,15.1,Urban,Yes,41654359.0
3636,5,3.9,2,4,23.1,Rural,Yes,54454570.0
1517,1,1.1,3,43,25.9,Urban,No,23156978.0
3045,5,3.5,2,32,13.5,Urban,Yes,48821286.0
3990,5,3.3,2,2,26.4,Urban,Yes,62733245.0
2789,5,3.4,3,32,5.2,Suburban,No,42815442.0
2286,3,1.5,2,26,12.3,Suburban,No,35088684.0
1080,1,1.1,3,41,25.4,Rural,Yes,14984163.0
1493,2,1.0,2,22,22.3,Urban,No,23072989.0
4284,7,5.0,1,23,29.5,Rural,Yes,64549939.0
2665,4,3.2,2,14,2.6,Suburban,Yes,42766031.0
1705,2,1.4,3,14,6.9,Urban,Yes,28426546.0
2173,4,2.5,2,27,2.6,Urban,No,34815487.0
2812,3,2.2,3,37,7.5,Urban,No,44048265.0
2650,4,1.2,1,40,1.1,Rural,Yes,38853131.0
3299,7,4.7,3,34,18.1,Urban,Yes,52266474.0
1529,2,1.2,1,27,19.0,Suburban,Yes,23083749.0
3096,5,3.2,3,22,23.4,Suburban,Yes,47916444.0
2270,4,3.0,2,15,14.1,Rural,No,34591527.0
4262,7,4.5,3,34,1.1,Suburban,Yes,66275138.0
1131,1,1.0,3,14,23.9,Suburban,No,17383076.0
1093,1,1.0,3,12,2.8,Urban,Yes,19108983.0
2346,4,2.6,3,39,30.4,Rural,Yes,35161259.0
2533,3,2.0,2,26,1.8,Urban,Yes,40404099.0
3263,6,4.0,3,15,19.0,Urban,No,51587542.0
2116,3,2.5,1,38,31.4,Rural,Yes,31045987.0
4154,5,2.7,1,43,20.5,Urban,Yes,63599756.0
2396,3,2.0,2,14,21.7,Urban,Yes,37576388.0
1017,1,1.3,3,23,24.2,Suburban,No,15601369.0
976,1,1.0,3,21,5.2,Urban,No,17240458.0
4393,7,4.6,2,31,23.9,Urban,No,67254458.0
1036,1,1.0,2,42,30.9,Suburban,Yes,16044316.0
4291,7,4.4,2,24,34.1,Suburban,No,64478680.0
1612,3,1.5,3,35,16.1,Suburban,Yes,25162386.0
873,1,1.0,3,26,12.7,Urban,No,14351515.0
1718,1,1.6,1,39,26.6,Suburban,Yes,26316367.0
2958,5,2.6,2,18,19.5,Suburban,Yes,45609492.0
2211,4,2.0,2,17,9.7,Urban,No,35314721.0
3642,6,3.2,3,19,6.9,Urban,No,57272363.0
2943,5,4.1,2,44,6.8,Urban,Yes,46748921.0
2103,2,1.1,3,27,16.6,Suburban,Yes,32068501.0
3038,6,3.9,2,6,6.8,Urban,No,48937601.0
4385,6,3.7,3,1,1.7,Suburban,No,66520956.0
2147,4,2.1,1,23,2.8,Rural,No,32813622.0
1113,1,1.0,3,36,32.6,Urban,Yes,17521313.0
2135,3,3.2,1,21,3.5,Suburban,Yes,34275856.0
3860,7,5.0,2,25,3.5,Urban,No,61712077.0
1370,2,1.0,3,35,16.3,Urban,No,21835931.0
4296,7,4.9,3,23,9.3,Suburban,No,66878703.0
2853,5,2.8,2,40,33.7,Urban,Yes,43593394.0
2906,4,1.7,2,28,32.0,Rural,Yes,43224304.0
1768,4,3.1,1,32,14.8,Suburban,Yes,27766786.0
4181,6,4.5,3,35,16.3,Urban,No,64196786.0
644,1,1.2,1,28,13.8,Urban,Yes,11310885.0
1694,2,1.1,1,2,2.3,Urban,Yes,28706613.0
2173,4,2.5,2,19,11.0,Rural,No,33273952.0
2409,4,3.0,1,6,5.2,Suburban,No,38699520.0
2396,2,1.5,1,22,4.5,Urban,Yes,37394070.0
1091,1,1.0,2,6,20.1,Suburban,No,17540833.0
1402,2,1.0,3,22,4.4,Suburban,Yes,22378728.0
880,1,1.0,1,15,4.5,Suburban,Yes,14702398.0
2789,3,2.5,3,0,17.3,Urban,Yes,44461407.0
1903,2,1.0,2,5,16.0,Urban,Yes,30909171.0
2763,4,2.9,1,22,5.7,Urban,No,43712933.0
2858,5,3.4,3,3,1.2,Urban,No,46117967.0
3308,6,4.3,2,38,7.6,Suburban,Yes,51980938.0
2688,4,3.0,3,34,9.0,Urban,No,43223245.0
3091,4,2.3,1,31,28.2,Urban,Yes,47132388.0
2848,4,1.8,1,7,32.1,Urban,No,43045946.0
3109,4,2.3,1,35,14.8,Urban,No,47989594.0
2966,4,3.0,2,28,14.8,Rural,Yes,44608369.0
1764,2,1.0,3,17,25.2,Suburban,Yes,27118604.0
1485,2,1.0,3,0,22.3,Urban,Yes,24846180.0
3649,5,2.3,2,23,7.3,Suburban,Yes,55966523.0
1870,3,2.8,2,35,4.7,Urban,No,30072617.0
2696,5,3.7,3,1,15.9,Rural,Yes,42107146.0
1287,1,1.0,2,2,20.2,Suburban,Yes,21022489.0
2225,3,2.4,1,17,5.7,Suburban,Yes,34962631.0
2618,4,2.9,1,23,11.0,Rural,No,38892947.0
3004,5,3.1,1,21,11.4,Suburban,Yes,46157055.0
2605,4,2.5,2,19,9.9,Suburban,No,40465353.0
1942,2,1.1,2,11,16.7,Urban,Yes,30505357.0
4347,6,5.0,2,2,23.2,Urban,Yes,67282063.0
2550,4,2.9,2,1,18.3,Suburban,Yes,40444391.0
3733,7,4.3,3,4,7.8,Suburban,Yes,59430924.0
3446,4,2.8,3,31,4.5,Suburban,Yes,52942339.0
2733,4,2.1,1,35,28.9,Suburban,No,40908847.0
4045,7,5.0,1,19,17.3,Urban,No,63286555.0
1013,1,1.0,1,3,3.1,Urban,Yes,18071389.0
4184,7,4.8,3,18,9.8,Suburban,Yes,65596537.0
3900,5,3.8,2,44,28.3,Urban,Yes,58440795.0
2514,4,2.8,3,11,26.6,Suburban,Yes,39077575.0
3433,4,2.6,2,22,30.8,Suburban,No,51707957.0
2581,2,1.3,2,24,21.5,Suburban,No,38348795.0
1575,3,1.9,1,14,15.4,Suburban,No,24750991.0
3699,5,3.0,2,19,15.5,Suburban,Yes,57148315.0
1483,2,1.1,1,21,7.6,Suburban,Yes,23436716.0
1757,2,2.0,2,21,23.1,Urban,Yes,28678864.0
2577,3,1.9,1,32,20.9,Suburban,No,39071844.0
3849,6,3.5,1,26,6.3,Suburban,Yes,59386546.0
2035,3,1.7,1,2,31.1,Urban,No,31824179.0
2476,4,3.2,3,0,13.5,Suburban,Yes,38276354.0
666,1,1.0,3,18,2.7,Rural,Yes,10808674.0
963,2,1.6,2,40,12.1,Urban,No,15408329.0
723,1,1.0,2,1,30.6,Suburban,Yes,11871853.0
788,2,1.6,3,3,32.2,Rural,Yes,12396392.0
3974,5,2.9,2,30,17.7,Rural,Yes,59810735.0
3867,6,3.8,2,20,33.5,Urban,No,60139002.0
3787,7,5.0,2,10,30.8,Suburban,Yes,58746079.0
722,2,1.7,2,9,29.1,Rural,No,11862987.0
810,1,1.0,2,29,30.2,Suburban,Yes,12427203.0
1622,2,1.0,3,23,14.0,Urban,Yes,25743403.0
2761,5,3.3,2,28,26.7,Urban,Yes,43218168.0
1836,3,2.8,2,12,20.6,Suburban,Yes,28913064.0
2450,4,1.6,1,23,25.5,Urban,No,38184457.0
1191,2,1.4,3,38,7.0,Urban,No,19299238.0
3423,5,2.6,3,14,25.9,Urban,No,53009611.0
1755,3,1.6,1,17,33.6,Suburban,No,26363832.0
766,1,1.0,1,7,11.3,Suburban,Yes,12668746.0
3470,5,3.0,3,28,34.5,Rural,Yes,52103137.0
4111,6,3.6,1,1,13.9,Suburban,No,63530295.0
558,1,1.0,3,11,7.8,Rural,Yes,9882355.0
2246,4,2.3,3,32,4.8,Rural,No,34160439.0
3808,7,3.8,3,0,27.7,Urban,Yes,60809737.0
3324,4,3.0,1,44,19.9,Suburban,Yes,49424401.0
3926,6,4.3,2,18,11.4,Urban,Yes,61181427.0
2160,3,2.4,2,17,21.7,Rural,Yes,32068389.0
1989,4,1.8,3,24,12.3,Urban,Yes,32520045.0
3336,5,3.4,1,28,16.2,Suburban,Yes,51732670.0
1114,2,1.6,1,20,30.3,Suburban,Yes,16961436.0
1457,3,1.4,1,39,23.7,Urban,Yes,22950588.0
2903,5,3.3,3,43,26.9,Suburban,Yes,44314492.0
3173,6,3.8,3,9,20.8,Urban,Yes,51054673.0
978,1,1.6,1,31,34.7,Urban,Yes,15154669.0
2533,5,4.2,1,13,9.2,Suburban,No,39818062.0
1959,3,1.1,1,44,9.9,Urban,Yes,30222272.0
2506,5,4.5,3,11,4.1,Suburban,Yes,40451525.0
4333,6,3.4,2,13,19.8,Rural,Yes,66016758.0
806,1,1.1,1,32,21.9,Urban,Yes,13318117.0
4481,7,5.0,1,35,25.7,Suburban,Yes,67872165.0
2298,4,2.1,2,5,12.4,Rural,Yes,36128465.0
3588,6,4.1,2,25,1.4,Suburban,Yes,55935854.0
2197,4,2.5,1,15,22.5,Urban,Yes,35770480.0
1743,1,1.0,3,27,35.0,Rural,Yes,25613123.0
3582,6,4.0,2,25,11.0,Urban,Yes,56612205.0
3250,5,3.8,1,44,7.3,Suburban,Yes,49316053.0
1076,1,1.0,3,42,10.6,Suburban,Yes,17875075.0
3321,4,2.5,3,29,15.5,Suburban,Yes,50993774.0
3512,6,4.4,1,30,9.5,Urban,No,54917251.0
2051,1,1.0,1,40,12.8,Urban,Yes,31912158.0
4202,7,4.9,1,8,22.7,Suburban,Yes,65281636.0
3063,4,2.3,3,32,12.7,Urban,Yes,48564022.0
1834,3,1.4,2,34,14.5,Suburban,Yes,28129943.0
542,1,1.0,3,5,2.4,Suburban,Yes,10551513.0
3199,6,3.6,2,39,32.2,Suburban,No,47907458.0
1336,2,1.7,2,31,14.8,Urban,No,21868250.0
3526,5,3.7,2,15,12.2,Urban,Yes,55588275.0
2600,4,2.5,3,21,3.9,Rural,Yes,40286654.0
2366,5,4.0,2,22,22.6,Urban,No,37809943.0
1155,2,2.0,3,41,30.4,Urban,Yes,18511755.0
3346,5,3.4,3,43,2.4,Urban,Yes,52395496.0
1163,2,1.0,3,36,5.9,Urban,No,19685394.0
2171,2,2.1,3,29,6.0,Rural,Yes,33585867.0
3845,6,3.9,2,4,21.5,Urban,Yes,60232999.0
4181,5,3.3,1,41,32.3,Urban,Yes,63556993.0
4456,7,4.4,2,6,15.9,Suburban,Yes,69250683.0
4332,7,4.1,3,7,12.7,Urban,Yes,68384244.0
2723,6,3.2,3,3,27.0,Urban,Yes,43348532.0
1301,1,1.0,2,42,26.2,Rural,Yes,17786381.0
3856,6,3.5,1,22,9.4,Suburban,Yes,59163758.0
3706,7,5.0,2,10,6.5,Urban,Yes,58541448.0
4461,7,4.0,3,3,13.2,Urban,No,70595714.0
3103,4,2.0,1,18,27.4,Urban,Yes,48040166.0
1066,2,1.6,1,32,24.6,Urban,No,17000318.0
2511,4,3.4,1,44,23.6,Suburban,Yes,37196694.0
2292,4,2.6,3,24,29.2,Suburban,Yes,34654858.0
3871,5,3.5,2,27,10.4,Suburban,Yes,59419646.0
2070,3,1.0,1,37,12.5,Rural,Yes,31574720.0
1814,2,1.0,1,40,2.4,Urban,Yes,28487810.0
820,1,1.0,1,12,30.5,Rural,No,11855709.0
3841,6,3.0,2,44,20.8,Suburban,No,57750944.0
3521,5,3.3,3,23,11.1,Urban,No,55131158.0
664,1,1.0,2,41,3.4,Suburban,Yes,11565808.0
2235,4,1.9,3,5,25.6,Urban,Yes,35884622.0
2418,4,2.3,3,4,26.5,Suburban,Yes,37559453.0
2377,3,1.5,3,39,23.7,Suburban,Yes,36625232.0
4175,6,4.1,1,30,7.9,Urban,No,64698201.0
1102,1,1.0,3,7,32.0,Rural,No,16474042.0
1725,2,1.7,1,40,26.6,Urban,Yes,26340938.0
1223,1,1.0,2,4,23.4,Suburban,No,19529703.0
1476,3,2.5,3,30,23.1,Urban,No,24074932.0
4128,6,3.9,1,9,31.7,Urban,Yes,64044254.0
4262,7,4.7,1,3,32.6,Urban,No,66115033.0
678,1,1.0,1,36,21.3,Rural,Yes,9292936.0
3028,5,3.3,1,38,15.2,Urban,Yes,47384843.0
1431,2,1.1,2,4,13.4,Rural,Yes,21925534.0
1270,3,1.8,3,4,28.8,Urban,Yes,22029196.0
1668,2,1.0,1,27,22.9,Suburban,Yes,25170824.0
1277,1,1.0,2,1,3.6,Urban,No,20815872.0
2460,3,1.9,3,33,5.8,Urban,Yes,38330659.0
4482,6,3.6,3,41,31.6,Rural,Yes,65870777.0
2845,3,1.6,1,33,31.1,Urban,Yes,43458387.0
3392,6,3.3,2,10,33.4,Suburban,Yes,51709023.0
2473,3,2.4,1,8,15.5,Suburban,No,38152539.0
555,3,2.0,1,30,27.7,Suburban,Yes,9445559.0
836,1,1.0,1,2,29.2,Suburban,No,12884481.0
1575,3,2.4,2,24,11.7,Rural,Yes,24567382.0
1474,1,1.0,1,20,5.9,Suburban,Yes,23096437.0
3862,6,3.2,1,33,34.9,Suburban,Yes,56959822.0
3874,6,4.4,1,9,2.0,Suburban,Yes,60477369.0
3916,4,2.3,2,34,21.3,Suburban,No,58690696.0
3050,5,3.0,2,31,23.1,Urban,Yes,48406927.0
2724,6,3.9,2,10,24.2,Suburban,Yes,43818506.0
3096,4,3.2,1,16,9.7,Urban,Yes,48219182.0
2127,3,2.0,2,2,25.5,Suburban,No,32671124.0
3180,6,3.3,2,20,8.4,Rural,Yes,48338448.0
3677,6,4.2,1,11,29.2,Rural,No,55962048.0
3551,5,3.0,3,5,8.4,Suburban,No,55612485.0
2955,3,2.9,3,25,24.7,Suburban,Yes,45155865.0
732,2,1.3,2,25,27.6,Suburban,Yes,11865543.0
3399,5,2.1,2,3,7.4,Urban,Yes,54539984.0
1966,2,1.5,3,8,9.1,Suburban,Yes,31671896.0
3474,5,4.2,2,3,27.5,Urban,No,54795120.0
2658,4,3.4,2,30,3.9,Urban,Yes,42790706.0
4024,6,4.8,2,15,7.5,Rural,No,61271847.0
1853,3,1.4,1,3,16.5,Rural,Yes,28690706.0
4225,5,3.7,3,8,32.6,Suburban,Yes,64706519.0
3877,7,4.2,1,43,20.1,Urban,No,59762513.0
1824,2,1.4,1,11,14.2,Suburban,Yes,28235538.0
2430,3,1.3,3,30,34.3,Urban,Yes,37910391.0
2625,6,3.6,2,21,16.8,Suburban,Yes,42331752.0
3574,6,3.6,2,8,15.7,Rural,Yes,54490372.0
3256,5,3.7,1,13,15.0,Urban,No,50969480.0
3908,5,3.7,1,0,11.6,Urban,Yes,61530720.0
1979,3,2.1,3,33,12.1,Urban,No,31760270.0
2519,4,1.9,2,15,24.4,Urban,Yes,39533635.0
2223,3,1.8,1,22,2.4,Urban,Yes,36544284.0
4138,6,3.5,3,6,24.2,Urban,Yes,64848543.0
1719,3,2.4,2,37,7.8,Urban,No,27973023.0
2848,4,3.2,3,9,14.1,Urban,Yes,46385298.0
980,1,1.2,2,25,6.0,Urban,Yes,16649922.0
3901,6,3.5,2,39,19.8,Suburban,Yes,59429106.0
2036,4,1.2,3,32,25.8,Urban,Yes,31726405.0
1862,2,1.0,3,27,13.1,Rural,No,27519242.0
2831,4,3.3,1,39,6.6,Urban,Yes,43874283.0
2495,3,1.7,3,7,8.7,Urban,No,40090632.0
3891,6,3.5,3,43,28.8,Urban,Yes,60110899.0
2625,4,3.4,2,25,10.1,Suburban,Yes,40951619.0
2567,5,3.9,1,18,27.3,Urban,Yes,40799709.0
919,2,1.3,1,11,12.3,Suburban,No,15321560.0
587,1,1.0,1,33,7.4,Urban,Yes,10151592.0
2094,4,2.5,1,43,25.7,Rural,Yes,31067476.0
4492,6,4.0,3,31,16.9,Urban,Yes,69872979.0
4169,6,4.7,3,1,2.1,Urban,Yes,65628277.0
3015,5,3.5,2,21,33.6,Rural,Yes,45598522.0
3023,4,3.0,2,32,6.0,Urban,No,46546172.0
2066,4,3.2,3,17,13.0,Urban,Yes,34040082.0
1210,1,1.0,2,34,14.1,Suburban,Yes,18145274.0
534,1,1.0,2,31,17.6,Urban,Yes,10341861.0
1855,2,1.2,2,3,27.7,Urban,Yes,28999396.0
1765,2,1.0,1,25,1.2,Urban,Yes,27789515.0
1266,3,1.0,1,7,32.7,Urban,No,20471608.0
1536,3,1.4,2,21,23.0,Rural,Yes,23001834.0
599,2,1.6,3,17,33.3,Suburban,No,9049828.0
2931,6,4.0,1,36,28.8,Suburban,Yes,45270517.0
4209,6,4.0,1,39,32.5,Urban,No,62985325.0
3263,5,4.2,1,20,21.4,Suburban,Yes,49832392.0
2292,3,1.3,3,24,13.1,Suburban,No,34936952.0
2181,3,1.9,2,28,16.1,Urban,Yes,34919300.0
1730,2,1.5,2,29,23.4,Rural,Yes,26061161.0
1069,1,1.0,2,28,15.5,Suburban,Yes,17217752.0
2893,4,2.6,1,35,25.9,Suburban,Yes,43613727.0
2766,4,1.8,3,44,4.1,Urban,Yes,42514511.0
529,1,1.4,1,37,29.2,Urban,Yes,9065984.0
2162,4,2.3,1,6,7.9,Suburban,No,34838958.0
1612,2,2.3,3,21,33.1,Suburban,No,25029006.0
1181,4,2.6,2,20,6.3,Urban,Yes,21360227.0
3312,5,3.8,1,22,5.4,Urban,No,51555924.0
2603,4,2.6,2,23,28.6,Suburban,Yes,39619912.0
3035,4,2.6,1,32,28.8,Urban,Yes,47468116.0
3353,7,4.3,3,18,26.1,Urban,Yes,52742772.0
4427,7,4.6,3,11,33.7,Suburban,Yes,67465571.0
3711,6,4.1,1,20,10.2,Urban,Yes,58887248.0
2981,4,2.2,2,38,29.1,Urban,Yes,45544278.0
